key,value
γ_r1,0.2291666667
α_i,0.0
β_i,2.5
k_i,5500
γ_ri,0.2291666667
k_pi,35
γ,0.03611111111
kr_min,0
kr_max,3
b_min,0
b_max,3
h_min,1
h_max,4
η_g,0.25
γ_z,0.03611111111